province,workshops,schools,workshops_per_100_schools,sort_order
Leinster,141,1481,9.520594193112762,1
Ulster,13,331,3.927492447129909,2
Munster,13,1033,1.2584704743465636,3
Connacht,5,591,0.8460236886632826,4
