province,workshops,schools,workshops_per_100_schools
Connacht,5,591,0.8460236886632826
Leinster,141,1481,9.520594193112762
Munster,13,1033,1.2584704743465636
Ulster,13,331,3.927492447129909
